{
  "n_500": {
    "means": [
      [
        1.9666061913506314,
        -2.0670558353557653
      ],
      [
        -2.0293090072293607,
        1.9029074265983243
      ],
      [
        -2.010062971904244,
        1.9451922387422422
      ],
      [
        1.812767019311302,
        -2.035380816907181
      ],
      [
        1.7848127619041703,
        -1.97108036410258
      ],
      [
        1.6512003751327844,
        -2.003730775973146
      ],
      [
        1.6718605412074985,
        -1.969767277503639
      ],
      [
        1.575594992742322,
        -2.1122891186218973
      ],
      [
        1.5834481530606532,
        -1.9841698131349834
      ],
      [
        -2.0135191148101383,
        1.5681831300200273
      ],
      [
        1.5859411675689015,
        -2.0979413323650316
      ],
      [
        -2.1543058158722403,
        1.4681504539598047
      ],
      [
        1.503472863865875,
        -2.1555500354735817
      ],
      [
        -2.1421521991997907,
        1.4221297952462049
      ],
      [
        1.3615126418472348,
        -2.1750755974493674
      ],
      [
        1.3815188994051817,
        -2.247891912350161
      ],
      [
        1.4578330468325218,
        -2.1411867458124867
      ],
      [
        1.3720702154360505,
        -2.1744232271873516
      ],
      [
        -2.0715624213319015,
        1.5425167613578472
      ],
      [
        -2.041041371590336,
        1.5250581373483842
      ],
      [
        1.4751073900292861,
        -2.0537247261029425
      ]
    ],
    "stds": [
      [
        0.7568941240418453,
        0.7383995556667253
      ],
      [
        0.6997315448454405,
        0.7733576479340856
      ],
      [
        0.6567694114855386,
        0.8025159992914591
      ],
      [
        0.7589388965827492,
        0.6573050839194733
      ],
      [
        0.7363020656362649,
        0.6499859317071003
      ],
      [
        0.7105169335469897,
        0.6447973443037999
      ],
      [
        0.7543007104835487,
        0.64962987137562
      ],
      [
        0.7810995559002281,
        0.5859947082414255
      ],
      [
        0.7057929484929549,
        0.6233337706367991
      ],
      [
        0.6254294407155127,
        0.6516267595899932
      ],
      [
        0.6264075520941371,
        0.6087625403644898
      ],
      [
        0.6573206671673776,
        0.7308797275033021
      ],
      [
        0.7192123382021893,
        0.6768116296571007
      ],
      [
        0.7227739983659591,
        0.7721621711168466
      ],
      [
        0.8145209058132449,
        0.7225415606209113
      ],
      [
        0.7962936129351051,
        0.6968855526159444
      ],
      [
        0.8055819823141682,
        0.7226863137515044
      ],
      [
        0.8525390765517442,
        0.6779513587154299
      ],
      [
        0.7110289675852646,
        0.7411559921503633
      ],
      [
        0.6904098544514239,
        0.7280844083902391
      ],
      [
        0.7370206927731129,
        0.6617391187921791
      ]
    ],
    "l2_distances": [
      0.0005829866248025064,
      0.0007010529700584101,
      0.001096173655230459,
      0.002096251949577216,
      0.00369545855168546,
      0.0032565735864965306,
      0.006987288604533182,
      0.008818246166069854,
      0.012713528910633851,
      0.013712321786311404,
      0.011286893790271122,
      0.006691156141972104,
      0.00905884324875128,
      0.010738272117297776,
      0.01377875006116304,
      0.011992477592598083,
      0.01162309949875022,
      0.010780263805553919,
      0.008133479359631218,
      0.008737690671822784
    ],
    "original_variance": 0.7476468398542853,
    "final_variance": 0.699379905782646,
    "variance_reduction_percent": 6.455846731198167
  },
  "n_1000": {
    "means": [
      [
        1.9506232917264141,
        -2.039154903164306
      ],
      [
        -2.035170317246367,
        1.9346105016804416
      ],
      [
        -1.9023241942530555,
        1.9392564748015693
      ],
      [
        -1.8309956104973386,
        1.9884171660737038
      ],
      [
        2.0261645935017074,
        -1.785445656171919
      ],
      [
        2.0042145391343964,
        -1.803914865049968
      ],
      [
        -1.7592824026682374,
        2.0826008159285907
      ],
      [
        2.0047702060589243,
        -1.8282059968663655
      ],
      [
        -1.7606163767631862,
        1.9918536099115614
      ],
      [
        -1.8439284798592572,
        2.03064359454094
      ],
      [
        1.9840391386318126,
        -1.7868636883181266
      ],
      [
        1.868992152532896,
        -1.8211098685887133
      ],
      [
        1.7901571622714139,
        -1.8235476554602992
      ],
      [
        -1.8541647794238294,
        1.740950489309756
      ],
      [
        -1.809360068182485,
        1.7567844509851398
      ],
      [
        -1.7770837962704522,
        1.707761061865071
      ],
      [
        -1.7761961788173657,
        1.7471253200287957
      ],
      [
        -1.851492015871439,
        1.5952746523318013
      ],
      [
        -1.7284244984425754,
        1.6369691774960695
      ],
      [
        -1.7376830282314244,
        1.6288419485129746
      ],
      [
        1.5811452733646767,
        -1.7774389693177806
      ]
    ],
    "stds": [
      [
        0.7062998887847177,
        0.7041460544485251
      ],
      [
        0.710883182617545,
        0.7026599794123016
      ],
      [
        0.7095158444533669,
        0.7035233809802596
      ],
      [
        0.7423239102820461,
        0.6631903260592423
      ],
      [
        0.6364866501133687,
        0.8182206656653113
      ],
      [
        0.6560093857556957,
        0.756981791084212
      ],
      [
        0.7429562326233519,
        0.6475789373004825
      ],
      [
        0.686772470467176,
        0.6998670893161412
      ],
      [
        0.6894174531218926,
        0.7114137271630945
      ],
      [
        0.6766136232809116,
        0.7085980146833231
      ],
      [
        0.7031458331390105,
        0.6716304155686285
      ],
      [
        0.7352165027289089,
        0.6771079297093391
      ],
      [
        0.72403321226672,
        0.6227993375148528
      ],
      [
        0.5849743227100513,
        0.6793169273031798
      ],
      [
        0.6065187975949414,
        0.7057660629443268
      ],
      [
        0.5830596434488166,
        0.7016189633145726
      ],
      [
        0.5648508887899161,
        0.7101777262012441
      ],
      [
        0.5309404547806709,
        0.719922444687363
      ],
      [
        0.5547641813482748,
        0.6929545238481329
      ],
      [
        0.5396914420769118,
        0.7310470303734502
      ],
      [
        0.7507703112918083,
        0.5357846408339413
      ]
    ],
    "l2_distances": [
      0.001591306978673265,
      0.0016194731744934312,
      0.002218008122555677,
      0.003008735913920896,
      0.002514111747646902,
      0.004088062936100487,
      0.0032080016865606575,
      0.005954783319120168,
      0.004216935473770781,
      0.003917536490007992,
      0.004180523853076712,
      0.006262392241006207,
      0.0053231707364505,
      0.004910901344700571,
      0.006756429885660108,
      0.0068191802577707555,
      0.009196162740145902,
      0.01095464913252477,
      0.010831639558602276,
      0.010611062872989574
    ],
    "original_variance": 0.7052229716166214,
    "final_variance": 0.6432774760628748,
    "variance_reduction_percent": 8.783817040410003
  }
}